{
  "contact": [{
      "id": 1,
      "firstName": "Neeraj",
      "lastName": "Koshti",
      "phone": "7773818396"
    },
    {
      "id": 2,
      "firstName": "nick",
      "lastName": "Koshti",
      "phone": "7773818396"
    },
    {
      "id": 3,
      "firstName": "testing User",
      "lastName": "Koshti",
      "phone": "7773818396"
    }
  ],
  "message": [{
      "id": 1660369350483,
      "contactName": "Neeraj Koshti",
      "timeDate": 1660369350483,
      "otp": 942599
    },
    {
      "id": 1660369691735,
      "contactName": "Neeraj Koshti",
      "timeDate": 1660369691735,
      "otp": 896566
    },
    {
      "id": 1660369715439,
      "contactName": "Neeraj Koshti",
      "timeDate": 1660369715439,
      "otp": 289053
    },
    {
      "id": 1660369778924,
      "contactName": "Neeraj Koshti",
      "timeDate": 1660369778924,
      "otp": 822966
    },
    {
      "id": 1660369788164,
      "contactName": "Neeraj Koshti",
      "timeDate": 1660369788164,
      "otp": 900105
    },
    {
      "id": 1660374423183,
      "contactName": "Neeraj Koshti",
      "timeDate": 1660374423183,
      "otp": 577353
    },
    {
      "id": 1660375061424,
      "contactName": "Neeraj Koshti",
      "timeDate": 1660375061424,
      "otp": 706784
    },
    {
      "id": 1660375176162,
      "contactName": "Neeraj Koshti",
      "timeDate": 1660375176162,
      "otp": 173472
    }
  ]
}
